热门查询,点击次数,展示,点击率,排名
aitoptools,1,10,10%,37.3
teelaunch,1,2,50%,7
namecheap hosting review,1,1,100%,50
midjourney review,0,57,0%,84.61
jasper ai review,0,52,0%,91.48
printful alternatives,0,45,0%,74.93
runway ml,0,42,0%,68.69
printify vs printful,0,35,0%,86.06
is magicdrop legit,0,33,0%,64.61
sticker mule,0,26,0%,37.27
print price ai tool,0,26,0%,69.46
runwayml,0,26,0%,70.62
best ai background remover,0,26,0%,96.85
omnisend review,0,24,0%,84.21
printify alternatives,0,21,0%,82.62
manychat shopify,0,21,0%,90.62
alternatives to printify,0,18,0%,83.33
kittl,0,16,0%,69.62
alternatives to printful,0,15,0%,73.93
bluehost review 2026,0,14,0%,63.71
reconvert,0,14,0%,69
ai print estimator,0,13,0%,73.77
jasper reviews,0,13,0%,89.69
kittl vs canva,0,12,0%,72.33
"""writesonic"" -site:reddit.com -site:twitter.com -site:x.com -site:wykop.pl 
-site:tripadvisor.com -site:youtube.com -site:yelp.com -site:booking.com 
-site:facebook.com -site:instagram.com -site:tiktok.com",0,11,0%,7
murf ai,0,11,0%,68.73
printful vs printify,0,11,0%,82.91
copywriting ai,0,11,0%,89.91
claid,0,10,0%,59.6
runway ml ai,0,9,0%,62.22
pika labs,0,9,0%,69.22
shopify magic,0,9,0%,81.56
ai copywriting,0,9,0%,94.33
mockey,0,8,0%,51.12
is redbubble a legit site,0,8,0%,69.25
siteground review 2026,0,8,0%,80.75
jasper review,0,8,0%,86.88
pixlr ai,0,7,0%,43.29
renwayml,0,7,0%,55.57
canva vs kittl,0,7,0%,70.14
lucidchart reviews,0,7,0%,73.71
gelato reviews,0,6,0%,40.5
placeit,0,6,0%,68.83
pika labs ai,0,6,0%,77.17
websites like printify,0,6,0%,89.33
stickermule,0,5,0%,50
magicdrop legit,0,5,0%,58.8
gempages,0,5,0%,60.2
printful vs gelato,0,5,0%,63.2
descript.com reviews,0,5,0%,67.4
gelato vs printful,0,5,0%,68.4
kittl review,0,5,0%,68.4
runway ai review,0,5,0%,72.4
copy ai review,0,5,0%,73.4
spocket review,0,5,0%,77.4
copysmith.ai review,0,5,0%,77.6
spocket reviews,0,5,0%,80.6
upscale media,0,5,0%,80.8
runway,0,5,0%,85.6
dalle,0,5,0%,92.4
"""writesonic"" -""career"" -""event"" -""hiring"" -""job"" -""press"" -""release"" 
-""webinar"" -site:reddit.com -site:twitter.com -site:x.com -site:wykop.pl 
-site:tripadvisor.com -site:youtube.com -site:yelp.com -site:booking.com 
-site:facebook.com -site:instagram.com -site:tiktok.com",0,4,0%,8.5
veed pod,0,4,0%,9.5
aitop tools,0,4,0%,17.75
pixlr ai photo editor,0,4,0%,51.75
claid ai,0,4,0%,54.5
gelato pod review,0,4,0%,55
gelato review,0,4,0%,55
jasper ai writer,0,4,0%,63.5
heygen reviews,0,4,0%,67
kittl design,0,4,0%,68
runway ai,0,4,0%,69
ai marketing copy,0,4,0%,72
runway reviews,0,4,0%,72.25
"""elevenlabs""",0,4,0%,73
veed.io review,0,4,0%,73
best printful alternatives,0,4,0%,73.75
play ht,0,4,0%,81.5
copy writing ai,0,4,0%,86.5
manychat ai,0,4,0%,86.5
runwayml ai video editor,0,4,0%,88
sloap,0,3,0%,9.33
aitoptool,0,3,0%,39
stickers mule,0,3,0%,43.67
leonardo ai free,0,3,0%,49.67
mule stickers,0,3,0%,51
sticker mule review,0,3,0%,51.33
lucidchart ai,0,3,0%,56
claid.ai review,0,3,0%,57
"""omnisend""",0,3,0%,60.67
photoroom app reviews,0,3,0%,62
runwayml com,0,3,0%,62
copymatic review,0,3,0%,63.67
heygen review,0,3,0%,63.67
creativehub vs printful,0,3,0%,65.33
marketing copy ai,0,3,0%,67.33
jasper ai writing assistant,0,3,0%,67.67
omnisend avis,0,3,0%,67.67
runway mi,0,3,0%,68.33
what is runway ml,0,3,0%,70
tome.com powerpoint,0,3,0%,70.67
runaway ml,0,3,0%,71.33
gooten vs printful,0,3,0%,72.33
placeit review,0,3,0%,72.33
gorgias,0,3,0%,72.67
runwaymi,0,3,0%,74
runwayml ai,0,3,0%,76.67
copy ai reviews,0,3,0%,77
shopify reconvert,0,3,0%,77.33
printful or printify,0,3,0%,77.67
runway review,0,3,0%,77.67
is veed io safe,0,3,0%,79.33
midjourney ai review,0,3,0%,79.33
gempages vs shogun,0,3,0%,79.67
magicdrop review,0,3,0%,81.33
runway gen-2 review,0,3,0%,81.33
descript ai review,0,3,0%,81.67
printify alternative,0,3,0%,82.33
looka review,0,3,0%,85
gempages alternative,0,3,0%,86
play.ht studio,0,3,0%,86
copysmith vs copy.ai,0,3,0%,86.33
pika labs ai video generator,0,3,0%,86.33
"""adcreative.ai"" -site:reddit.com -site:twitter.com -site:x.com 
-site:wykop.pl -site:tripadvisor.com -site:youtube.com -site:yelp.com 
-site:booking.com -site:facebook.com -site:instagram.com -site:tiktok.com",0,2,0%,4.5
"""adcreative.a i"" -site:reddit.com -site:twitter.com -site:x.com 
-site:wykop.pl -site:tripadvisor.com -site:youtube.com -site:yelp.com 
-site:booking.com -site:facebook.com -site:instagram.com -site:tiktok.com",0,2,0%,5
aitoptools com هوش مصنوعی,0,2,0%,7
how long does sticker mule take to ship,0,2,0%,22.5
sticker mule cost,0,2,0%,24.5
gelato pod,0,2,0%,29
sellhound,0,2,0%,34
gear launch,0,2,0%,35
sticker mule label dispenser,0,2,0%,37
gempages shopify,0,2,0%,38.5
society6.0,0,2,0%,38.5
elevenlabs,0,2,0%,39.5
photoroom reviews complaints,0,2,0%,40.5
pixlr ai editor,0,2,0%,42.5
gelato print on demand reviews,0,2,0%,47
leonardo.ai free,0,2,0%,47.5
stikermule,0,2,0%,47.5
kittl com,0,2,0%,49
postermywall review,0,2,0%,49.5
sticker mule reviews,0,2,0%,51
what is sticker mule,0,2,0%,52
placeit mockup generator,0,2,0%,54
printful alternative for wall art,0,2,0%,56
rumway ml,0,2,0%,58
runway ml artificial intelligence,0,2,0%,59
stickermuel,0,2,0%,59
gelato print on demand review,0,2,0%,60
pod supplier for art prints better than printful,0,2,0%,60
b12 website builder,0,2,0%,61
photo room reviews,0,2,0%,63.5
b12 website builder review,0,2,0%,64.5
postermywall pricing,0,2,0%,66.5
kittl reviews,0,2,0%,67
printify and printful,0,2,0%,68.5
photoroom review,0,2,0%,69.5
runway ai reviews,0,2,0%,69.5
namecheap site maker review,0,2,0%,70
heygrn,0,2,0%,70.5
gelato vs printify,0,2,0%,71
runwwayml,0,2,0%,71
printful vs redbubble,0,2,0%,71.5
printful vs. printify,0,2,0%,71.5
kittl.,0,2,0%,72
runawayml,0,2,0%,72
copy.ai review,0,2,0%,72.5
society 6 reviews,0,2,0%,74
sites like printify,0,2,0%,74.5
jasper.ai reviews,0,2,0%,76
tome.app reviews,0,2,0%,76
website like printful,0,2,0%,76
gempages vs pagefly,0,2,0%,76.5
pebblely ai,0,2,0%,77
munch ai,0,2,0%,77.5
leonardo ai review,0,2,0%,78
printful competitors,0,2,0%,78
. runwayml,0,2,0%,78.5
leonardo ai reviews,0,2,0%,78.5
companies like printify,0,2,0%,80.5
copy ai avis,0,2,0%,81
runwayml vs,0,2,0%,81.5
ai copy writing,0,2,0%,82
printify or printful,0,2,0%,82
printify competitors,0,2,0%,83.5
ai for writing copy,0,2,0%,85
descript review,0,2,0%,85.5
kttl,0,2,0%,86.5
are bluehost seo tools worth it,0,2,0%,87
alternative to printful for fine art printing,0,2,0%,87.5
dall-e review,0,2,0%,91
murf ai review,0,2,0%,91
gorgias reviews,0,2,0%,91.5
jasper ai reviews,0,2,0%,92.5
which is better printify or printful,0,2,0%,93
is printify or printful better,0,2,0%,94
printify alternative fine art printing,0,2,0%,94
"""b12 ai"" -site:reddit.com -site:twitter.com -site:x.com -site:wykop.pl 
-site:tripadvisor.com -site:youtube.com -site:yelp.com -site:booking.com 
-site:facebook.com -site:instagram.com -site:tiktok.com",0,1,0%,1
dalle 3,0,1,0%,1
"""adcreative.ai review"" -site:reddit.com -site:twitter.com -site:x.com 
-site:wykop.pl -site:tripadvisor.com -site:youtube.com -site:yelp.com 
-site:booking.com -site:facebook.com -site:instagram.com -site:tiktok.com",0,1,0%,2
cursor ide new features ai coding 2026,0,1,0%,2
"""adcreative.ai scam"" -site:reddit.com -site:twitter.com -site:x.com 
-site:wykop.pl -site:tripadvisor.com -site:youtube.com -site:yelp.com 
-site:booking.com -site:facebook.com -site:instagram.com -site:tiktok.com",0,1,0%,4
"runway ai video platform -site:youtube.com -site:reddit.com -site:x.com 
-site:twitter.com -site:facebook.com -site:instagram.com -site:tiktok.com 
-site:linkedin.com -site:pinterest.com -site:nytimes.com -site:wsj.com 
-site:yelp.com -site:rottentomatoes.com",0,1,0%,4
best pod 2026,0,1,0%,5
"""omnisend"" -site:reddit.com -site:twitter.com -site:x.com -site:wykop.pl 
-site:tripadvisor.com -site:youtube.com -site:yelp.com -site:booking.com 
-site:facebook.com -site:instagram.com -site:tiktok.com",0,1,0%,6
"""respeecher"" -site:reddit.com -site:twitter.com -site:x.com -site:wykop.pl 
-site:tripadvisor.com -site:youtube.com -site:yelp.com -site:booking.com 
-site:facebook.com -site:instagram.com -site:tiktok.com",0,1,0%,7
lucidchart,0,1,0%,7
"""descript"" -site:reddit.com -site:twitter.com -site:x.com -site:wykop.pl 
-site:tripadvisor.com -site:youtube.com -site:yelp.com -site:booking.com 
-site:facebook.com -site:instagram.com -site:tiktok.com",0,1,0%,10
kittl ai vs yuptees ai,0,1,0%,12
runwayml review,0,1,0%,13
befunky cost,0,1,0%,14
placeit vs kittl,0,1,0%,16
sticekrmule,0,1,0%,17
stickere mule,0,1,0%,21
aisvg,0,1,0%,24
gelato trustpilot,0,1,0%,27
is sticker mule canadian,0,1,0%,28
sticker mile,0,1,0%,28
sticker myle,0,1,0%,28
sticker muke,0,1,0%,29
stickermule studio,0,1,0%,29
sticky mule,0,1,0%,30
trustpilot gelato,0,1,0%,31
art of where vs printful,0,1,0%,34
gearlaunch,0,1,0%,36
sticker mule holographic stickers review,0,1,0%,36
sticker mule studio,0,1,0%,36
pod printful,0,1,0%,37
shopify gempages,0,1,0%,37
gorgias news,0,1,0%,38
redbubble news,0,1,0%,38
societ6,0,1,0%,38
gempage builder,0,1,0%,39
mulesticker,0,1,0%,40
rate my poster,0,1,0%,40
what is gearlaunch,0,1,0%,40
sellhound app,0,1,0%,41
gempages builder,0,1,0%,43
reconvert reviews,0,1,0%,44
sticker mule temporary tattoos reviews,0,1,0%,44
creative fabrica reviews,0,1,0%,46
stixker mule,0,1,0%,46
pixlr ai photo editing,0,1,0%,47
sticker mules,0,1,0%,47
creatsy mockups review,0,1,0%,48
is gelato better than printify,0,1,0%,48
kittle reviews,0,1,0%,48
runway: runwayml.com,0,1,0%,48
socity six,0,1,0%,48
gearlaunch company,0,1,0%,49
gelato vs printful quality,0,1,0%,49
mancyhat,0,1,0%,49
omnisend blog,0,1,0%,49
page gem,0,1,0%,49
runway ml website,0,1,0%,49
mockey ai pricing,0,1,0%,50
shopify magic logo,0,1,0%,50
sticker mule app,0,1,0%,51
reviews for society6,0,1,0%,52
creative fabr,0,1,0%,53
is society 6 legit,0,1,0%,53
claid ia,0,1,0%,54
is society6 legit,0,1,0%,54
creativefabrica,0,1,0%,55
b12 website builder software,0,1,0%,56
gem pages,0,1,0%,56
mockey ai,0,1,0%,56
b12 ai,0,1,0%,58
runaway ml com,0,1,0%,58
stickerm ule,0,1,0%,58
veed.io review 2026,0,1,0%,58
photoroom reviews,0,1,0%,59
run way ml,0,1,0%,59
gempage,0,1,0%,60
leonardo ai free image generator,0,1,0%,61
ruwayml,0,1,0%,62
b funky,0,1,0%,63
is photoroom legit,0,1,0%,63
companies like printful,0,1,0%,64
"descubra o poder do gerador de texto e imagens por ai do renildomarcioai. 
obtenha resultados de qualidade profissional em questão de segundos. 
experimente agora mesmo",0,1,0%,64
kittl ai,0,1,0%,64
lucidchart review,0,1,0%,64
murf ai voice,0,1,0%,64
packify,0,1,0%,64
printful printify,0,1,0%,64
what is society 6,0,1,0%,64
murf ai voice over,0,1,0%,65
predis.ai reviews,0,1,0%,65
printful best sellers,0,1,0%,65
heygen ai review,0,1,0%,66
placeit.,0,1,0%,66
gelato pod reviews,0,1,0%,67
is teepublic a legit site,0,1,0%,67
murf ai:,0,1,0%,67
cursor ai code editor review 2026,0,1,0%,68
jasper ai for writing,0,1,0%,68
printful/printify,0,1,0%,68
runwaymi com,0,1,0%,68
runwaymi. com,0,1,0%,68
vistacreate pricing,0,1,0%,68
b12 website builder is b12io worth it,0,1,0%,69
jasper ai writing,0,1,0%,69
sell hound,0,1,0%,69
imagetostl,0,1,0%,70
jasper ai writing tool,0,1,0%,70
mailchimp avis,0,1,0%,70
murf inc,0,1,0%,70
murf.ai ai voice generator,0,1,0%,70
pika lab,0,1,0%,70
pixlr lifetime deal,0,1,0%,71
predis ai review,0,1,0%,71
shops like printify,0,1,0%,71
sticker mule pouches,0,1,0%,71
customcat vs printful,0,1,0%,72
pagefly vs gempages,0,1,0%,72
other websites like printful,0,1,0%,73
photoroom app review,0,1,0%,73
printify vs gelato,0,1,0%,73
claid ai reviews,0,1,0%,74
is teepublic a legitimate site,0,1,0%,74
pika labs free tier,0,1,0%,74
runwat ml,0,1,0%,74
runway ml.,0,1,0%,74
sites like printful,0,1,0%,74
synthesia pricing ai avatar video 2026,0,1,0%,74
vistacreate reviews,0,1,0%,74
avis hostinger,0,1,0%,75
midjourney 2022 vs 2023,0,1,0%,75
namecheap review 2026,0,1,0%,75
runwaylm,0,1,0%,75
sites similar to printify,0,1,0%,75
cursor editor review,0,1,0%,76
dalle 3d,0,1,0%,76
pixlr ai image generator free credits limit,0,1,0%,76
pros and cons of lucidchart,0,1,0%,76
runway ml ai free,0,1,0%,76
alternative to printful,0,1,0%,77
lumen5 pricing,0,1,0%,77
printful alternative,0,1,0%,77
runway ml reviews,0,1,0%,77
spocket dropshipping review,0,1,0%,77
what is placeit,0,1,0%,77
similar to printful,0,1,0%,78
vistacreate review,0,1,0%,78
copy.ai reviews,0,1,0%,79
cursor ai code editor review 2025,0,1,0%,79
cursor ai code editor reviews,0,1,0%,79
is heygen worth it,0,1,0%,79
lumen5 reviews,0,1,0%,79
runway ai video editor,0,1,0%,79
sites similar to printful,0,1,0%,79
synthesia pricing official ai video 2026,0,1,0%,79
websites similar to printify,0,1,0%,79
what is shopify magic,0,1,0%,79
is bluehost seo tools start worth it,0,1,0%,80
printful similar companies,0,1,0%,80
runawy ai,0,1,0%,80
runwayml.,0,1,0%,80
ruway ml,0,1,0%,80
tome app reviews,0,1,0%,80
tome.ai review,0,1,0%,80
tome.app price,0,1,0%,80
websites like printful,0,1,0%,80
ai video editor runway,0,1,0%,81
best printify alternatives,0,1,0%,81
like printful,0,1,0%,81
lumen5 review,0,1,0%,81
play. ht,0,1,0%,81
printful and printify,0,1,0%,81
printful similar,0,1,0%,81
is pika labs free,0,1,0%,82
pika labs video length limit,0,1,0%,82
pixlr express pricing,0,1,0%,82
placeit pricing,0,1,0%,82
algomo,0,1,0%,83
alternativas a printful,0,1,0%,83
is leonardo ai free,0,1,0%,83
pika lbas,0,1,0%,83
rumwayml,0,1,0%,83
murf promo code,0,1,0%,84
play.ht pricing,0,1,0%,84
playht pricing,0,1,0%,84
tome content design company reviews,0,1,0%,84
murf review,0,1,0%,85
pika labs maximum video length,0,1,0%,85
printify vs printful pricing,0,1,0%,85
companies similar to printify,0,1,0%,86
is printify better than printful,0,1,0%,86
background removal ai news,0,1,0%,87
copywritting ai,0,1,0%,87
manychat review,0,1,0%,87
pictory.ai review,0,1,0%,87
printful vs printify pricing,0,1,0%,87
tom presentation,0,1,0%,87
dalee 3,0,1,0%,88
gempages china,0,1,0%,88
midjourney reviews,0,1,0%,88
play ht studio,0,1,0%,88
what is runwayml,0,1,0%,88
wixadi review,0,1,0%,88
aitoptool.net,0,1,0%,89
namecheap review cheap domain & webhost 2025,0,1,0%,89
similar to printify,0,1,0%,89
omnisend reviews,0,1,0%,90
bluehost seo tools review 2021,0,1,0%,91
copy tools ai,0,1,0%,91
copysmith review,0,1,0%,91
upscale .media,0,1,0%,92
what is the difference between printful and printify,0,1,0%,92
ai copy tool,0,1,0%,93
evaluate the video generator company heygen on ai video editor,0,1,0%,93
runway free plan ai video editor 2025,0,1,0%,93
difference between printful and printify,0,1,0%,94
kittl cost,0,1,0%,94
like printify,0,1,0%,94
best ai background remover tools 2026,0,1,0%,95
is printful or printify better,0,1,0%,95
ai t shirt design generator,0,1,0%,96
ai t-shirt design generator,0,1,0%,96
dalle pro,0,1,0%,96
"""envato"" -cyan -ta'eed -collis",0,1,0%,97
ai shirt design generator,0,1,0%,97
mockeys,0,1,0%,97
is ai copywriting worth it,0,1,0%,98
tome ai news,0,1,0%,98
ai t shirt generator,0,1,0%,99
copy ai vs copysmith,0,1,0%,99