slug,category,keyword,intent,primary_tool,secondary_tools,internal_links
best-ai-tools-for-t-shirt-design,POD,best AI tools for t-shirt design 2026,commercial,printful,creative-fabrica|mockey|printify,best-ai-t-shirt-design-generators|best-mockup-generators-2026|printify-vs-printful
best-ai-tools-for-t-shirt-printing,POD,best AI tools for t-shirt printing business,commercial,printful,printify|gelato,printify-vs-printful|best-pod-for-etsy-sellers|best-print-on-demand-platforms-2026
best-ai-tools-for-print-on-demand,POD,best AI tools for print on demand 2026,commercial,gelato,printful|gelato,printify-vs-printful-vs-gelato|best-pod-for-etsy-sellers|best-pod-for-shopify-sellers
best-ai-tools-for-pod-business,POD,best AI tools for POD business owners,commercial,mockey,printful|gelato|mockey,best-pod-for-beginners|best-ai-tools-for-ecommerce|printify-vs-gelato
best-ai-tools-for-custom-apparel,POD,best AI tools for custom apparel sellers,commercial,printful,printify|gelato,printify-vs-printful|best-pod-for-etsy-sellers|best-ai-tools-for-ecommerce-product-photos
best-ai-tools-for-hoodie-design,POD,best AI tools for hoodie design and printing,commercial,printful,printful|mockey,best-ai-t-shirt-design-generators|printful-vs-gelato|best-mockup-generators-2026
best-ai-tools-for-mug-design,POD,best AI tools for mug design and printing,commercial,printful,mockey|kittl,best-ai-tools-for-custom-apparel|printify-vs-printful|best-ai-tools-for-etsy-listing
best-ai-tools-for-poster-printing,POD,best AI tools for poster printing business,commercial,gelato,printify|mockey,printify-vs-gelato|best-pod-for-wall-art|best-ai-tools-for-etsy-sellers
best-ai-tools-for-canvas-printing,POD,best AI tools for canvas printing and POD,commercial,gelato,printify|mockey,best-pod-for-wall-art|gelato-vs-printful|best-pod-for-international-shipping
best-ai-tools-for-sticker-design,POD,best AI tools for sticker design and printing,commercial,mockey,creative-fabrica|mockey,best-ai-illustration-tools-for-pod|printify-vs-printful|best-mockup-generators-2026
best-ai-tools-for-pod-store,POD,best AI tools for POD store owners,commercial,printful,printful|gelato,best-pod-for-beginners|printify-vs-printful-vs-gelato|best-ai-tools-for-etsy-listing
best-ai-tools-for-pod-pricing,POD,best AI tools for POD pricing optimization,commercial,printful,printful|claid,printify-vs-printful|best-pod-for-low-budget|best-ai-tools-for-ecommerce
best-ai-tools-for-pod-shipping,POD,best AI tools for POD shipping and fulfillment,commercial,gelato,printful|printify,best-pod-for-international-shipping|gelato-vs-printful-for-quality|best-pod-for-fast-delivery
best-ai-tools-for-pod-quality,POD,best AI tools for POD quality control,commercial,printful,gelato|claid,printful-vs-gelato-for-quality|best-pod-for-wall-art|best-ai-tools-for-product-photo-tools
best-ai-tools-for-pod-mockup,POD,best AI tools for POD mockup generation,commercial,mockey,kittl|creative-fabrica,best-mockup-generators-2026|best-pod-for-etsy-sellers|mockey-vs-kittl-for-mockups
best-print-on-demand-platforms-2026,POD,best print on demand platforms 2026,commercial,printful,printful|gelato,printify-vs-printful|printify-vs-gelato|printful-vs-gelato
best-pod-for-etsy-sellers,POD,best POD platforms for Etsy sellers 2026,commercial,printful,printful|gelato,printify-vs-printful-vs-gelato|best-ai-tools-for-etsy-listing|best-ai-tools-for-etsy-product-photos
best-pod-for-shopify-sellers,POD,best POD platforms for Shopify sellers 2026,commercial,mockey,printful|mockey,printify-vs-printful|best-ai-tools-for-shopify|best-mockup-generators-2026
best-pod-for-amazon-merch,POD,best POD platforms for Amazon Merch sellers,commercial,printful,printify,printify-vs-printful|best-pod-for-usa-customers|best-ai-tools-for-amazon-fba
best-pod-for-international-shipping,POD,best POD platforms for international shipping,commercial,gelato,printful,printify-vs-gelato-for-international|gelato-vs-printful-for-quality|best-pod-for-eu-sellers
best-pod-for-eu-sellers,POD,best POD platforms for EU sellers 2026,commercial,gelato,printify|printful,gelato-vs-printful|best-pod-for-uk-sellers|best-pod-for-international-shipping
best-pod-for-uk-sellers,POD,best POD platforms for UK sellers 2026,commercial,gelato,printful|printify,best-pod-for-eu-sellers|best-pod-for-international-shipping|gelato-vs-printful
best-pod-for-beginners,POD,best POD platforms for beginners 2026,commercial,mockey,printful|mockey,printify-vs-printful|best-pod-for-low-budget|best-ai-tools-for-pod-business
best-pod-for-low-budget,POD,best POD platforms for low budget sellers,commercial,mockey,mockey|kittl,best-pod-for-beginners|best-ai-tools-for-pod-pricing|printify-vs-printful
best-pod-for-eco-friendly,POD,best eco-friendly POD platforms 2026,commercial,gelato,printify|printful,best-pod-for-fast-delivery|gelato-vs-printful|best-pod-for-international-shipping
best-pod-for-fast-delivery,POD,best POD platforms for fast delivery,commercial,gelato,printful,best-pod-for-eco-friendly|best-pod-for-international-shipping|gelato-vs-printful
best-pod-for-wall-art,POD,best POD platforms for wall art and canvas,commercial,gelato,printify,best-pod-for-stationery|best-ai-tools-for-canvas-printing|gelato-vs-printful
best-pod-for-stationery,POD,best POD platforms for stationery and prints,commercial,gelato,printify,best-pod-for-wall-art|best-pod-for-handmade-style|gelato-vs-printful
best-pod-for-jewelry,POD,best POD platforms for jewelry and accessories,commercial,printful,gelato,best-pod-for-handmade-style|best-pod-for-stationery|printify-vs-printful
best-pod-for-pet-products,POD,best POD platforms for pet products and merch,commercial,printful,printful,best-pod-for-handmade-style|best-pod-for-holiday-gifts|printify-vs-printful
printify-vs-printful,POD,Printify vs Printful 2026 comparison,commercial,printify,printful,printify-vs-gelato|printful-vs-gelato|best-pod-for-etsy-sellers
printify-vs-gelato,POD,Printify vs Gelato 2026 comparison,commercial,printify,gelato,printify-vs-printful|printful-vs-gelato|best-pod-for-international-shipping
printful-vs-gelato,POD,Printful vs Gelato 2026 comparison,commercial,printful,gelato,printify-vs-printful|printify-vs-gelato|best-pod-for-eco-friendly
printify-vs-printful-vs-gelato,POD,Printify vs Printful vs Gelato 2026,commercial,printify,printful|gelato,printify-vs-printful|printify-vs-gelato|printful-vs-gelato
best-pod-for-usa-customers,POD,best POD platforms for USA-based sellers,commercial,printful,printify|gelato,best-pod-for-amazon-merch|printify-vs-printful|best-pod-for-fast-delivery
best-pod-for-asia-customers,POD,best POD platforms for Asia Pacific sellers,commercial,gelato,printify|printful,best-pod-for-international-shipping|best-pod-for-eu-sellers|gelato-vs-printful
best-pod-for-photography-printing,POD,best POD platforms for photography prints,commercial,gelato,printful|claid,best-ai-tools-for-canvas-printing|best-pod-for-wall-art|best-ai-tools-for-product-photo-tools
best-pod-for-typography-design,POD,best POD platforms for typography designs,commercial,kittl,printify|creative-fabrica,best-ai-t-shirt-design-generators|best-fonts-for-print-on-demand|best-ai-typography-tools
best-pod-for-illustration-print,POD,best POD platforms for illustration prints,commercial,mockey,printify|mockey,best-ai-illustration-tools-for-pod|best-ai-t-shirt-design-generators|best-pod-for-wall-art
best-pod-for-handmade-style,POD,best POD platforms for handmade style goods,commercial,printify,printful|kittl,best-ai-tools-for-etsy-handmade|best-ai-design-tools-for-vintage|printify-vs-printful
best-pod-for-minimalist-design,POD,best POD platforms for minimalist designs,commercial,mockey,printify|mockey,best-ai-design-tools-for-vintage|best-ai-typography-tools|best-pod-for-handmade-style
best-pod-for-vintage-style,POD,best POD platforms for vintage style goods,commercial,kittl,creative-fabrica|printify,best-ai-design-tools-for-vintage|best-ai-tools-for-illustration-print|best-pod-for-handmade-style
best-pod-for-streetwear,POD,best POD platforms for streetwear brands,commercial,printful,kittl|mockey,best-pod-for-handmade-style|best-ai-tools-for-custom-apparel|printify-vs-printful
best-pod-for-eco-fashion,POD,best eco-friendly POD platforms for fashion,commercial,gelato,printful,best-pod-for-eco-friendly|best-pod-for-fast-delivery|gelato-vs-printful
best-pod-for-dropshipping,POD,best POD platforms for dropshipping 2026,commercial,printify,printful|gelato,best-ai-tools-for-dropshipping|printify-vs-printful|best-pod-for-beginners
best-pod-for-subscription-boxes,POD,best POD platforms for subscription boxes,commercial,printful,gelato|kittl,best-pod-for-handmade-style|printify-vs-printful|best-pod-for-stationery
best-pod-for-baby-products,POD,best POD platforms for baby and kids products,commercial,printify,printful,best-pod-for-handmade-style|best-pod-for-holiday-gifts|printify-vs-printful
best-pod-for-holiday-gifts,POD,best POD platforms for holiday gift sellers,commercial,printify,printful|kittl,best-pod-for-wedding-favors|best-pod-for-baby-products|printify-vs-printful
best-pod-for-graduation-gifts,POD,best POD platforms for graduation gift sellers,commercial,printify,printful|kittl,best-pod-for-holiday-gifts|best-pod-for-stationery|printify-vs-printful
best-pod-for-wedding-favors,POD,best POD platforms for wedding favors sellers,commercial,printify,printful|kittl,best-pod-for-holiday-gifts|best-pod-for-graduation-gifts|printify-vs-printful
best-ai-t-shirt-design-generators,Design,best AI t-shirt design generators 2026,commercial,creative-fabrica,creative-fabrica|mockey,best-ai-vector-design-tools|best-mockup-generators-2026|best-ai-illustration-tools-for-pod
best-ai-vector-design-tools,Design,best AI vector design tools 2026,commercial,creative-fabrica,creative-fabrica,best-ai-t-shirt-design-generators|best-vector-graphics-software|best-ai-illustration-tools-for-pod
best-ai-illustration-tools-for-pod,Design,best AI illustration tools for POD sellers,commercial,creative-fabrica,creative-fabrica|mockey,best-ai-t-shirt-design-generators|best-pod-for-illustration-print|best-ai-vector-design-tools
best-ai-typography-tools,Design,best AI typography tools for designers,commercial,creative-fabrica,kittl,best-fonts-for-print-on-demand|best-ai-vector-design-tools|best-color-combinations-for-t-shirts
best-ai-logo-generators,Design,best AI logo generators 2026,commercial,creative-fabrica,creative-fabrica,best-vector-graphics-software|best-ai-design-tools-for-beginners|best-ai-design-tools-for-etsy
best-ai-font-finders,Design,best AI font finders and pairing tools,commercial,creative-fabrica,kittl,best-fonts-for-print-on-demand|best-ai-typography-tools|best-color-combinations-for-t-shirts
best-ai-color-palette-tools,Design,best AI color palette tools for designers,commercial,creative-fabrica,kittl|claid,best-color-combinations-for-t-shirts|best-ai-design-tools-for-trending-styles|best-ai-tools-for-product-photo-tools
best-ai-design-assistants,Design,best AI design assistants for 2026,commercial,creative-fabrica,creative-fabrica,best-ai-design-tools-for-professionals|best-canva-alternatives|best-ai-typography-tools
best-ai-design-tools-for-beginners,Design,best AI design tools for beginners 2026,commercial,kittl,kittl|mockey,best-canva-alternatives|best-free-design-tools|best-ai-tools-for-pod-business
best-ai-design-tools-for-professionals,Design,best AI design tools for professional designers,commercial,kittl,creative-fabrica,best-ai-vector-design-tools|best-photoshop-alternatives|best-premium-design-tools
best-ai-design-tools-for-etsy,Design,best AI design tools for Etsy sellers 2026,commercial,creative-fabrica,creative-fabrica|mockey,best-ai-tools-for-etsy-sellers|best-pod-for-etsy-sellers|best-ai-tools-for-etsy-listing
best-ai-design-tools-for-print,Design,best AI design tools for print design 2026,commercial,creative-fabrica,creative-fabrica,best-ai-design-tools-for-300dpi|best-ai-t-shirt-design-generators|best-ai-vector-design-tools
best-ai-design-tools-for-merch,Design,best AI design tools for merch sellers 2026,commercial,creative-fabrica,printify|mockey,best-pod-for-etsy-sellers|best-ai-t-shirt-design-generators|best-ai-design-tools-for-print
best-ai-design-tools-for-vectors,Design,best AI design tools for vector graphics,commercial,creative-fabrica,creative-fabrica,best-vector-graphics-software|best-ai-design-tools-for-svg|best-ai-design-tools-for-print
best-ai-design-tools-for-svg,Design,best AI design tools for SVG output,commercial,kittl,creative-fabrica,best-ai-design-tools-for-vectors|best-ai-design-tools-for-300dpi|best-vector-graphics-software
best-ai-design-tools-for-300dpi,Design,best AI design tools for 300 DPI print output,commercial,kittl,printify,best-ai-design-tools-for-print|best-ai-design-tools-for-screen-printing|printify-vs-printful
best-ai-design-tools-for-screen-printing,Design,best AI design tools for screen printing,commercial,kittl,printful|creative-fabrica,best-ai-design-tools-for-dtf|best-ai-design-tools-for-300dpi|printify-vs-printful
best-ai-design-tools-for-dtf,Design,best AI design tools for DTF printing,commercial,kittl,printful|printify,best-ai-design-tools-for-screen-printing|best-ai-design-tools-for-sublimation|best-pod-for-beginners
best-ai-design-tools-for-sublimation,Design,best AI design tools for sublimation printing,commercial,kittl,printify,best-ai-design-tools-for-dtf|best-ai-design-tools-for-screen-printing|best-pod-for-beginners
best-ai-design-tools-for-embroidery,Design,best AI design tools for embroidery digitizing,commercial,kittl,printful|creative-fabrica,best-ai-design-tools-for-screen-printing|printful-vs-gelato|best-ai-tools-for-custom-apparel
best-vector-graphics-software,Design,best vector graphics software for designers,commercial,kittl,creative-fabrica,best-ai-vector-design-tools|best-photoshop-alternatives|best-premium-design-tools
best-t-shirt-design-templates,Design,best t-shirt design templates library,commercial,creative-fabrica,kittl,best-ai-t-shirt-design-generators|best-print-templates-library|best-fonts-for-print-on-demand
best-print-templates-library,Design,best print design templates library 2026,commercial,creative-fabrica,kittl,best-t-shirt-design-templates|best-vector-graphics-software|best-fonts-for-print-on-demand
best-fonts-for-print-on-demand,Design,best fonts for print on demand 2026,commercial,creative-fabrica,kittl,best-ai-typography-tools|best-ai-font-finders|best-color-combinations-for-t-shirts
best-color-combinations-for-t-shirts,Design,best color combinations for t-shirt design,commercial,creative-fabrica,kittl,best-ai-color-palette-tools|best-trending-design-styles-2026|best-ai-t-shirt-design-generators
best-trending-design-styles-2026,Design,best trending design styles for 2026,commercial,creative-fabrica,kittl,best-color-combinations-for-t-shirts|best-ai-design-tools-for-vintage|best-ai-design-tools-for-streetwear
kittl-vs-canva,Design,Kittl vs Canva 2026 design comparison,commercial,kittl,creative-fabrica,kittl-alternatives|best-canva-alternatives|best-ai-t-shirt-design-generators
kittl-vs-photoshop,Design,Kittl vs Photoshop 2026 design comparison,commercial,kittl,creative-fabrica,kittl-vs-canva|best-photoshop-alternatives|best-ai-vector-design-tools
creative-fabrica-alternatives,Design,best Creative Fabrica alternatives 2026,commercial,creative-fabrica,kittl,kittl-alternatives|best-t-shirt-design-templates|best-print-templates-library
kittl-alternatives,Design,best Kittl alternatives 2026,commercial,kittl,creative-fabrica,kittl-vs-canva|creative-fabrica-alternatives|best-ai-vector-design-tools
best-canva-alternatives,Design,best Canva alternatives 2026,commercial,creative-fabrica,creative-fabrica,kittl-vs-canva|best-photoshop-alternatives|best-ai-design-tools-for-beginners
best-photoshop-alternatives,Design,best Photoshop alternatives for designers 2026,commercial,creative-fabrica,creative-fabrica,kittl-vs-photoshop|best-canva-alternatives|best-ai-vector-design-tools
best-affordable-design-tools,Design,best affordable AI design tools 2026,commercial,creative-fabrica,kittl|mockey,best-free-design-tools|best-premium-design-tools|kittl-vs-canva
best-free-design-tools,Design,best free AI design tools 2026,commercial,creative-fabrica,kittl|mockey,best-affordable-design-tools|best-canva-alternatives|best-ai-design-tools-for-beginners
best-premium-design-tools,Design,best premium AI design tools 2026,commercial,kittl,creative-fabrica,best-affordable-design-tools|best-ai-design-tools-for-professionals|best-vector-graphics-software
best-design-tools-for-non-designers,Design,best design tools for non-designers 2026,commercial,kittl,creative-fabrica|mockey,best-ai-design-tools-for-beginners|best-canva-alternatives|best-ai-design-assistants
best-design-tools-for-ai-art,Design,best design tools for AI art creators,commercial,kittl,creative-fabrica,best-ai-illustration-tools-for-pod|best-ai-vector-design-tools|best-trending-design-styles-2026
best-design-tools-for-vintage,Design,best design tools for vintage style goods,commercial,kittl,creative-fabrica,best-pod-for-vintage-style|best-ai-design-tools-for-streetwear|best-trending-design-styles-2026
best-design-tools-for-streetwear,Design,best design tools for streetwear brands,commercial,kittl,creative-fabrica|printful,best-pod-for-streetwear|best-design-tools-for-vintage|best-ai-t-shirt-design-generators
best-design-tools-for-kawaii-style,Design,best design tools for kawaii style goods,commercial,kittl,creative-fabrica|mockey,best-ai-illustration-tools-for-pod|best-trending-design-styles-2026|best-pod-for-handmade-style
best-ai-tools-for-etsy-sellers,Ecommerce,best AI tools for Etsy sellers 2026,commercial,greenonion,greenonion|mockey|claid,best-pod-for-etsy-sellers|best-ai-tools-for-etsy-listing|best-ai-tools-for-etsy-product-photos
best-ai-tools-for-shopify,Ecommerce,best AI tools for Shopify stores 2026,commercial,printify,mockey|picjam,best-ai-tools-for-shopify-product-photos|best-pod-for-shopify-sellers|best-ai-tools-for-shopify-listing
best-ai-tools-for-amazon-fba,Ecommerce,best AI tools for Amazon FBA sellers 2026,commercial,greenonion,claid|greenonion,best-pod-for-amazon-merch|best-ai-tools-for-amazon-listing|best-ai-tools-for-amazon-product-photos
best-ai-tools-for-ecommerce,Ecommerce,best AI tools for ecommerce 2026,commercial,printify,printify|mockey|picjam,best-ai-tools-for-shopify|best-ai-tools-for-ecommerce-product-photos|best-ai-tools-for-etsy-sellers
best-ai-tools-for-dropshipping,Ecommerce,best AI tools for dropshipping 2026,commercial,mockey,printful|mockey,best-pod-for-dropshipping|best-ai-tools-for-ecommerce|printify-vs-printful
best-ai-tools-for-ecommerce-product-photos,Ecommerce,best AI tools for ecommerce product photos,commercial,printify,mockey,best-ai-tools-for-product-photo-tools|best-ai-tools-for-shopify-product-photos|best-ai-background-removers
best-ai-tools-for-ecommerce-listings,Ecommerce,best AI tools for ecommerce listings 2026,commercial,greenonion,greenonion,best-ai-tools-for-amazon-listing|best-ai-tools-for-etsy-listing|best-ai-listing-tools
best-ai-tools-for-ecommerce-marketing,Ecommerce,best AI tools for ecommerce marketing 2026,commercial,claid,claid|mockey,best-ai-tools-for-pod-marketing|best-ai-tools-for-ad-creative|best-ai-tools-for-social-media-content
best-ai-tools-for-etsy-seo,Ecommerce,best AI tools for Etsy SEO 2026,commercial,greenonion,picjam,best-ai-tools-for-amazon-seo|best-ai-seo-tools-for-ecommerce|best-ai-tools-for-etsy-listing
best-ai-tools-for-amazon-seo,Ecommerce,best AI tools for Amazon SEO 2026,commercial,greenonion,picjam,best-ai-tools-for-etsy-seo|best-ai-seo-tools-for-ecommerce|best-ai-tools-for-amazon-listing
best-ai-tools-for-conversion-optimization,Ecommerce,best AI tools for ecommerce conversion optimization,commercial,claid,claid,best-ai-tools-for-ecommerce|best-ai-tools-for-amazon-listing|best-ai-tools-for-product-listing-optimization
best-ai-tools-for-product-recommendation,Ecommerce,best AI tools for product recommendations,commercial,printify,picjam,best-ai-tools-for-ecommerce|best-ai-tools-for-conversion-optimization|best-ai-tools-for-shopify
best-ai-tools-for-pricing-strategy,Ecommerce,best AI tools for ecommerce pricing strategy,commercial,printify,printify,best-ai-tools-for-pod-pricing|best-ai-tools-for-ecommerce|best-ai-tools-for-conversion-optimization
best-ai-tools-for-inventory-management,Ecommerce,best AI tools for ecommerce inventory management,commercial,printify,printful,best-ai-tools-for-dropshipping|best-ai-tools-for-ecommerce|printify-vs-printful
best-ai-tools-for-etsy-handmade,Ecommerce,best AI tools for Etsy handmade sellers,commercial,mockey,picjam|greenonion,best-pod-for-handmade-style|best-ai-tools-for-etsy-sellers|best-ai-tools-for-etsy-listing
best-ai-tools-for-shopify-dtc,Ecommerce,best AI tools for Shopify DTC brands 2026,commercial,printify,picjam|mockey,best-ai-tools-for-shopify|best-ai-tools-for-shopify-product-photos|best-ai-tools-for-ecommerce-product-photos
best-ai-tools-for-amazon-private-label,Ecommerce,best AI tools for Amazon private label sellers,commercial,greenonion,claid|greenonion,best-ai-tools-for-amazon-fba|best-ai-tools-for-amazon-listing|best-ai-tools-for-amazon-seo
best-ai-tools-for-print-on-demand-ecommerce,Ecommerce,best AI tools for print on demand ecommerce,commercial,printify,printful|gelato,best-ai-tools-for-pod-business|best-pod-for-etsy-sellers|printify-vs-printful
best-ai-tools-for-ecommerce-copywriting,Ecommerce,best AI tools for ecommerce copywriting,commercial,greenonion,picjam,best-ai-tools-for-product-copy|best-ai-tools-for-etsy-seo|best-ai-tools-for-amazon-seo
best-ai-tools-for-customer-service,Ecommerce,best AI tools for ecommerce customer service,commercial,printify,picjam,best-ai-tools-for-ecommerce|best-ai-tools-for-shopify|best-ai-tools-for-ecommerce-analytics
best-ai-tools-for-ecommerce-analytics,Ecommerce,best AI tools for ecommerce analytics 2026,commercial,printify,picjam,best-ai-tools-for-ecommerce|best-ai-tools-for-conversion-optimization|best-ai-tools-for-pricing-strategy
best-ai-tools-for-ecommerce-email,Ecommerce,best AI tools for ecommerce email marketing,commercial,picjam,greenonion,best-ai-tools-for-ecommerce-marketing|best-ai-tools-for-email-marketing|best-ai-tools-for-etsy-promoted-listings
best-ai-tools-for-social-commerce,Ecommerce,best AI tools for social commerce 2026,commercial,mockey,claid|picjam,best-ai-tools-for-tiktok-shop|best-ai-tools-for-instagram-shopping|best-ai-tools-for-pinterest-shopping
best-ai-tools-for-tiktok-shop,Ecommerce,best AI tools for TikTok Shop sellers,commercial,mockey,claid,best-ai-tools-for-social-commerce|best-ai-tools-for-instagram-shopping|best-mockup-generators-2026
best-ai-tools-for-instagram-shopping,Ecommerce,best AI tools for Instagram Shopping sellers,commercial,mockey,claid,best-ai-tools-for-social-commerce|best-ai-tools-for-tiktok-shop|best-ai-tools-for-instagram-ads
best-ai-tools-for-pinterest-shopping,Ecommerce,best AI tools for Pinterest Shopping sellers,commercial,picjam,mockey,best-ai-tools-for-social-commerce|best-ai-tools-for-pinterest-pins|best-ai-tools-for-etsy-seo
best-ai-tools-for-facebook-marketplace,Ecommerce,best AI tools for Facebook Marketplace sellers,commercial,claid,claid|mockey,best-ai-tools-for-social-commerce|best-ai-tools-for-facebook-ads|best-ai-tools-for-ebay-sellers
best-ai-tools-for-ebay-sellers,Ecommerce,best AI tools for eBay sellers 2026,commercial,claid,claid,best-ai-tools-for-ebay-listing|best-ai-tools-for-amazon-fba|best-ai-tools-for-facebook-marketplace
best-ai-tools-for-walmart-marketplace,Ecommerce,best AI tools for Walmart Marketplace sellers,commercial,printify,picjam,best-ai-tools-for-amazon-fba|best-ai-tools-for-ebay-sellers|best-ai-tools-for-ecommerce
best-ai-tools-for-etsy-print-on-demand,Ecommerce,best AI tools for Etsy print on demand sellers,commercial,printful,picjam|greenonion|mockey,best-pod-for-etsy-sellers|best-ai-tools-for-etsy-sellers|best-ai-tools-for-etsy-listing
best-ai-tools-for-pod-marketing,Marketing,best AI tools for POD marketing 2026,commercial,claid,greenonion|claid,best-ai-tools-for-ecommerce-marketing|best-ai-tools-for-ad-creative|best-ai-tools-for-pod-advertising
best-ai-tools-for-social-media-content,Marketing,best AI tools for social media content 2026,commercial,claid,claid|mockey,best-ai-tools-for-instagram-reels|best-ai-tools-for-tiktok-creator|best-ai-tools-for-pinterest-pins
best-ai-tools-for-influencer-marketing,Marketing,best AI tools for influencer marketing 2026,commercial,claid,claid,best-ai-tools-for-pod-influencers|best-ai-tools-for-influencer-outreach|best-ai-tools-for-brand-partnerships
best-ai-tools-for-email-marketing,Marketing,best AI tools for email marketing 2026,commercial,picjam,greenonion,best-ai-tools-for-ecommerce-email|best-ai-tools-for-etsy-promoted-listings|best-ai-tools-for-amazon-ppc
best-ai-tools-for-ad-creative,Marketing,best AI tools for ad creative 2026,commercial,printify,picjam|mockey,best-ai-tools-for-facebook-ads|best-ai-tools-for-instagram-ads|best-ai-tools-for-pinterest-pins
best-ai-tools-for-pod-advertising,Marketing,best AI tools for POD advertising 2026,commercial,picjam,claid|mockey,best-ai-tools-for-ad-creative|best-ai-tools-for-pod-marketing|best-ai-tools-for-etsy-promoted-listings
best-ai-tools-for-facebook-ads,Marketing,best AI tools for Facebook ads 2026,commercial,printify,picjam|mockey,best-ai-tools-for-instagram-ads|best-ai-tools-for-ad-creative|best-ai-tools-for-tiktok-ads
best-ai-tools-for-instagram-ads,Marketing,best AI tools for Instagram ads 2026,commercial,printful,mockey|picjam,best-ai-tools-for-facebook-ads|best-ai-tools-for-ad-creative|best-ai-tools-for-influencer-marketing
best-ai-tools-for-tiktok-ads,Marketing,best AI tools for TikTok ads 2026,commercial,printful,picjam|mockey,best-ai-tools-for-instagram-ads|best-ai-tools-for-facebook-ads|best-ai-tools-for-tiktok-creator
best-ai-tools-for-pinterest-pins,Marketing,best AI tools for Pinterest pins 2026,commercial,picjam,claid|greenonion,best-ai-tools-for-pinterest-shopping|best-ai-tools-for-social-media-content|best-ai-tools-for-etsy-seo
best-ai-tools-for-product-launch,Marketing,best AI tools for product launch marketing,commercial,picjam,claid|greenonion,best-ai-tools-for-ecommerce-marketing|best-ai-tools-for-ad-creative|best-ai-tools-for-affiliate-marketing
best-ai-tools-for-affiliate-marketing,Marketing,best AI tools for affiliate marketing 2026,commercial,picjam,greenonion,best-ai-tools-for-influencer-marketing|best-ai-tools-for-product-launch|best-ai-tools-for-pod-marketing
best-ai-tools-for-influencer-outreach,Marketing,best AI tools for influencer outreach 2026,commercial,picjam,claid,best-ai-tools-for-influencer-marketing|best-ai-tools-for-brand-partnerships|best-ai-tools-for-pod-influencers
best-ai-tools-for-brand-partnerships,Marketing,best AI tools for brand partnership outreach,commercial,picjam,claid,best-ai-tools-for-influencer-marketing|best-ai-tools-for-pod-influencers|best-ai-tools-for-affiliate-marketing
best-ai-tools-for-pod-influencers,Marketing,best AI tools for POD influencers 2026,commercial,mockey,picjam|claid,best-mockup-generators-2026|best-ai-tools-for-tiktok-creator|best-ai-tools-for-instagram-reels
best-ai-tools-for-tiktok-creator,Marketing,best AI tools for TikTok creators 2026,commercial,mockey,claid|picjam,best-ai-tools-for-instagram-reels|best-ai-tools-for-youtube-shorts|best-ai-tools-for-pod-influencers
best-ai-tools-for-instagram-reels,Marketing,best AI tools for Instagram Reels creators,commercial,mockey,claid|picjam,best-ai-tools-for-tiktok-creator|best-ai-tools-for-youtube-shorts|best-ai-tools-for-pod-influencers
best-ai-tools-for-youtube-shorts,Marketing,best AI tools for YouTube Shorts creators,commercial,mockey,claid,best-ai-tools-for-tiktok-creator|best-ai-tools-for-instagram-reels|best-ai-tools-for-pod-influencers
best-ai-tools-for-content-calendar,Marketing,best AI tools for content calendar management,commercial,picjam,greenonion,best-ai-tools-for-social-media-content|best-ai-tools-for-etsy-promoted-listings|best-ai-tools-for-affiliate-marketing
best-ai-tools-for-hashtag-research,Marketing,best AI tools for hashtag research 2026,commercial,picjam,greenonion,best-ai-tools-for-etsy-seo|best-ai-tools-for-instagram-ads|best-ai-tools-for-tiktok-ads
best-ai-tools-for-ugc-content,Marketing,best AI tools for UGC content creation,commercial,printful,mockey|picjam,best-ai-tools-for-instagram-reels|best-ai-tools-for-tiktok-creator|best-ai-tools-for-pod-influencers
best-ai-tools-for-etsy-promoted-listings,Marketing,best AI tools for Etsy promoted listings 2026,commercial,picjam,greenonion|claid,best-ai-tools-for-etsy-seo|best-ai-tools-for-etsy-sellers|best-ai-tools-for-ad-creative
best-ai-tools-for-amazon-ppc,Marketing,best AI tools for Amazon PPC 2026,commercial,greenonion,picjam,best-ai-tools-for-amazon-seo|best-ai-tools-for-amazon-fba|best-ai-tools-for-etsy-promoted-listings
best-ai-tools-for-pinterest-ads,Marketing,best AI tools for Pinterest ads 2026,commercial,picjam,claid,best-ai-tools-for-pinterest-pins|best-ai-tools-for-etsy-seo|best-ai-tools-for-ad-creative
best-ai-tools-for-youtube-ads,Marketing,best AI tools for YouTube ads 2026,commercial,printful,picjam|mockey,best-ai-tools-for-facebook-ads|best-ai-tools-for-youtube-shorts|best-ai-tools-for-ad-creative
best-ai-product-photo-tools,Photography,best AI product photo tools 2026,commercial,gelato,mockey,best-ai-tools-for-ecommerce-product-photos|best-ai-background-removers|best-ai-image-enhancers
best-ai-background-removers,Photography,best AI background removers 2026,commercial,kittl,mockey,best-ai-image-enhancers|best-ai-tools-for-product-photo-tools|best-mockup-generators-2026
best-ai-image-enhancers,Photography,best AI image enhancers 2026,commercial,kittl,mockey,best-ai-product-photo-tools|best-ai-background-removers|best-ai-tools-for-ecommerce-product-photos
best-ai-photoshoot-tools,Photography,best AI photoshoot tools for products,commercial,claid,mockey,best-ai-product-photo-tools|best-ai-fashion-models|best-ai-tools-for-ecommerce-product-photos
best-ai-fashion-models,Photography,best AI fashion model generators 2026,commercial,claid,mockey,best-ai-photoshoot-tools|best-ai-tools-for-fashion-photography|best-ai-tools-for-on-model-photos
best-ai-mannequin-generators,Photography,best AI mannequin and ghost mannequin tools,commercial,claid,mockey,best-ai-fashion-models|best-ai-tools-for-on-model-photos|best-ai-tools-for-fashion-photography
best-ai-product-image-tools,Photography,best AI product image tools for ecommerce,commercial,claid,mockey,best-ai-product-photo-tools|best-ai-tools-for-ecommerce-product-photos|best-ai-image-enhancers
best-ai-tools-for-product-photography,Photography,best AI tools for product photography 2026,commercial,claid,mockey,best-ai-product-photo-tools|best-ai-tools-for-ecommerce-product-photos|best-ai-photoshoot-tools
best-ai-tools-for-fashion-photography,Photography,best AI tools for fashion photography 2026,commercial,claid,mockey,best-ai-fashion-models|best-ai-photoshoot-tools|best-ai-tools-for-product-photography
best-ai-tools-for-ecommerce-photos,Photography,best AI tools for ecommerce photos 2026,commercial,claid,mockey,best-ai-tools-for-ecommerce-product-photos|best-ai-tools-for-product-photography|best-ai-product-image-tools
best-ai-tools-for-jewelry-photography,Photography,best AI tools for jewelry photography 2026,commercial,claid,mockey,best-ai-product-photo-tools|best-ai-tools-for-fashion-photography|best-pod-for-jewelry
best-ai-tools-for-etsy-product-photos,Photography,best AI tools for Etsy product photos 2026,commercial,claid,mockey,best-ai-tools-for-etsy-sellers|best-ai-tools-for-etsy-handmade|best-ai-tools-for-ecommerce-photos
best-ai-tools-for-shopify-product-photos,Photography,best AI tools for Shopify product photos,commercial,claid,mockey,best-ai-tools-for-shopify|best-ai-tools-for-ecommerce-photos|best-ai-product-photo-tools
best-ai-tools-for-amazon-product-photos,Photography,best AI tools for Amazon product photos,commercial,claid,mockey,best-ai-tools-for-amazon-fba|best-ai-tools-for-amazon-private-label|best-ai-product-photo-tools
best-ai-tools-for-lifestyle-product-photos,Photography,best AI tools for lifestyle product photos,commercial,claid,mockey,best-ai-tools-for-ecommerce-photos|best-ai-fashion-models|best-ai-photoshoot-tools
best-ai-tools-for-flat-lay-photos,Photography,best AI tools for flat lay product photos,commercial,claid,mockey,best-ai-tools-for-product-photography|best-ai-tools-for-ecommerce-photos|best-mockup-generators-2026
best-ai-tools-for-on-model-photos,Photography,best AI tools for on-model product photos,commercial,claid,mockey,best-ai-fashion-models|best-ai-mannequin-generators|best-ai-tools-for-fashion-photography
best-ai-tools-for-product-mockup-photos,Photography,best AI tools for product mockup photos,commercial,mockey,claid,best-mockup-generators-2026|best-ai-tools-for-pod-mockup|mockey-vs-kittl-for-mockups
best-ai-tools-for-product-color-correction,Photography,best AI tools for product color correction,commercial,claid,mockey,best-ai-image-enhancers|best-ai-product-photo-tools|best-ai-tools-for-ecommerce-photos
best-ai-tools-for-product-shadow,Photography,best AI tools for product shadow generation,commercial,claid,mockey,best-ai-product-photo-tools|best-ai-background-removers|best-ai-image-enhancers
best-ai-listing-tools,Content,best AI listing tools 2026,commercial,picjam,greenonion,best-ai-tools-for-amazon-listing|best-ai-tools-for-etsy-listing|best-ai-tools-for-product-listing-optimization
best-ai-product-description-tools,Content,best AI product description tools 2026,commercial,greenonion,picjam,best-ai-tools-for-product-copy|best-ai-tools-for-etsy-listing|best-ai-tools-for-amazon-listing
best-ai-seo-tools-for-ecommerce,Content,best AI SEO tools for ecommerce 2026,commercial,greenonion,picjam,best-ai-tools-for-etsy-seo|best-ai-tools-for-amazon-seo|best-ai-listing-tools
best-ai-tools-for-amazon-listing,Content,best AI tools for Amazon listing 2026,commercial,picjam,greenonion,best-ai-tools-for-etsy-listing|best-ai-tools-for-amazon-seo|best-ai-listing-tools
best-ai-tools-for-etsy-listing,Content,best AI tools for Etsy listing 2026,commercial,greenonion,picjam,best-ai-tools-for-amazon-listing|best-ai-tools-for-etsy-seo|best-ai-listing-tools
best-ai-tools-for-ebay-listing,Content,best AI tools for eBay listing 2026,commercial,greenonion,picjam,best-ai-tools-for-amazon-listing|best-ai-tools-for-etsy-listing|best-ai-listing-tools
best-ai-tools-for-shopify-listing,Content,best AI tools for Shopify listing 2026,commercial,greenonion,picjam,best-ai-tools-for-etsy-listing|best-ai-tools-for-amazon-listing|best-ai-listing-tools
best-ai-tools-for-product-titles,Content,best AI tools for product title writing,commercial,greenonion,picjam,best-ai-tools-for-product-bullets|best-ai-tools-for-amazon-listing|best-ai-tools-for-etsy-listing
best-ai-tools-for-product-bullets,Content,best AI tools for product bullet points,commercial,greenonion,picjam,best-ai-tools-for-product-titles|best-ai-tools-for-amazon-listing|best-ai-product-description-tools
best-ai-tools-for-product-keywords,Content,best AI tools for product keyword research,commercial,greenonion,picjam,best-ai-seo-tools-for-ecommerce|best-ai-tools-for-etsy-seo|best-ai-tools-for-amazon-seo
best-ai-tools-for-product-tags,Content,best AI tools for product tags and SEO,commercial,greenonion,picjam,best-ai-tools-for-product-keywords|best-ai-tools-for-etsy-seo|best-ai-seo-tools-for-ecommerce
best-ai-tools-for-product-copy,Content,best AI tools for product copy writing,commercial,greenonion,picjam,best-ai-product-description-tools|best-ai-tools-for-amazon-listing|best-ai-tools-for-etsy-listing
best-ai-tools-for-listing-optimization,Content,best AI tools for product listing optimization,commercial,picjam,greenonion,best-ai-listing-tools|best-ai-tools-for-amazon-listing|best-ai-tools-for-etsy-listing
best-ai-tools-for-product-scoring,Content,best AI tools for product listing score audit,commercial,picjam,greenonion,best-ai-tools-for-listing-optimization|best-ai-listing-tools|best-ai-tools-for-amazon-listing
best-ai-tools-for-listing-audit,Content,best AI tools for product listing audit 2026,commercial,picjam,greenonion,best-ai-tools-for-product-scoring|best-ai-tools-for-listing-optimization|best-ai-listing-tools
kittl-vs-creative-fabrica,VS,Kittl vs Creative Fabrica 2026,commercial,kittl,creative-fabrica,kittl-vs-canva|creative-fabrica-alternatives|best-ai-t-shirt-design-generators
mockey-vs-creative-fabrica,VS,Mockey vs Creative Fabrica 2026,commercial,mockey,creative-fabrica,best-mockup-generators-2026|mockey-vs-kittl-for-mockups|best-ai-t-shirt-design-generators
claid-vs-photoroom,VS,Claid vs Photoroom 2026,commercial,claid,mockey,best-ai-product-photo-tools|best-ai-background-removers|best-ai-tools-for-ecommerce-product-photos
picjam-vs-greenonion,VS,Picjam vs GreenOnion 2026,commercial,picjam,greenonion,best-ai-listing-tools|best-ai-tools-for-amazon-listing|best-ai-tools-for-etsy-listing
printify-vs-claid,VS,Printify vs Claid 2026,commercial,printify,claid,printify-vs-printful|best-ai-tools-for-pod-business|best-ai-tools-for-ecommerce-product-photos
printful-vs-creative-fabrica,VS,Printful vs Creative Fabrica 2026,commercial,printful,creative-fabrica,printify-vs-printful|best-ai-t-shirt-design-generators|best-pod-for-etsy-sellers
gelato-vs-mockey,VS,Gelato vs Mockey 2026,commercial,gelato,mockey,printify-vs-gelato|best-mockup-generators-2026|best-pod-for-international-shipping
kittl-vs-mockey,VS,Kittl vs Mockey 2026,commercial,kittl,mockey,kittl-vs-canva|best-ai-t-shirt-design-generators|best-mockup-generators-2026
printify-vs-mockey,VS,Printify vs Mockey 2026,commercial,mockey,mockey,printify-vs-printful|best-mockup-generators-2026|best-pod-for-beginners
printful-vs-claid,VS,Printful vs Claid 2026,commercial,printful,claid,printify-vs-printful|best-ai-tools-for-pod-business|best-ai-product-photo-tools
gelato-vs-claid,VS,Gelato vs Claid 2026,commercial,gelato,claid,printify-vs-gelato|best-ai-product-photo-tools|best-pod-for-international-shipping
mockey-vs-photoroom,VS,Mockey vs Photoroom 2026,commercial,mockey,claid,best-mockup-generators-2026|claid-vs-photoroom|best-ai-product-photo-tools
printify-vs-printful-for-etsy,VS,Printify vs Printful for Etsy 2026,commercial,printify,printful,printify-vs-printful|best-pod-for-etsy-sellers|best-ai-tools-for-etsy-sellers
gelato-vs-printful-for-etsy,VS,Gelato vs Printful for Etsy 2026,commercial,gelato,printful,printful-vs-gelato|best-pod-for-etsy-sellers|best-ai-tools-for-etsy-sellers
kittl-vs-canva-for-t-shirts,VS,Kittl vs Canva for t-shirt design 2026,commercial,kittl,creative-fabrica,kittl-vs-canva|best-ai-t-shirt-design-generators|best-canva-alternatives
claid-vs-creative-fabrica,VS,Claid vs Creative Fabrica 2026,commercial,claid,creative-fabrica,best-ai-tools-for-product-photo-tools|best-ai-image-enhancers|claid-vs-photoroom
printify-vs-gelato-for-international,VS,Printify vs Gelato for international shipping,commercial,gelato,printify,printify-vs-gelato|best-pod-for-international-shipping|best-pod-for-eu-sellers
printful-vs-gelato-for-quality,VS,Printful vs Gelato for quality 2026,commercial,printful,gelato,printful-vs-gelato|best-ai-tools-for-pod-quality|best-pod-for-wall-art
mockey-vs-kittl-for-mockups,VS,Mockey vs Kittl for mockups 2026,commercial,mockey,kittl,best-mockup-generators-2026|mockey-vs-creative-fabrica|kittl-vs-mockey
